{
    "ALAMANCE": [
        36.04546745,
        -79.3987080946748
    ],
    "ALEXANDER": [
        35.924738,
        -81.1716315
    ],
    "ALLEGHANY": [
        36.5029951,
        -81.1340843
    ],
    "ANSON": [
        34.9705848,
        -80.0958187
    ],
    "ASHE": [
        36.4393554,
        -81.5076569
    ],
    "AVERY": [
        36.0771285,
        -81.9230523
    ],
    "BEAUFORT": [
        35.469331,
        -76.8927522
    ],
    "BERTIE": [
        36.0608505,
        -76.9747965
    ],
    "BLADEN": [
        34.627971,
        -78.5627714
    ],
    "BRUNSWICK": [
        34.0718195,
        -78.1914215
    ],
    "BUNCOMBE": [
        35.6292222,
        -82.5255603
    ],
    "BURKE": [
        35.7270403,
        -81.6632108
    ],
    "CABARRUS": [
        35.4045503,
        -80.564371
    ],
    "CALDWELL": [
        35.9417876,
        -81.5262567
    ],
    "CAMDEN": [
        36.3106247,
        -76.1150606
    ],
    "CARTERET": [
        34.8496625,
        -76.5931208
    ],
    "CASWELL": [
        36.4035101,
        -79.3357315
    ],
    "CATAWBA": [
        35.6740563,
        -81.2107215
    ],
    "CHATHAM": [
        35.7151316,
        -79.2533035
    ],
    "CHEROKEE": [
        35.1184149,
        -84.0886181
    ],
    "CHOWAN": [
        36.0768949,
        -76.629641
    ],
    "CLAY": [
        35.0572652,
        -83.7324509
    ],
    "CLEVELAND": [
        35.330702,
        -81.5507523
    ],
    "COLUMBUS": [
        34.2814497,
        -78.666593
    ],
    "CRAVEN": [
        35.0808574,
        -77.0439978
    ],
    "CUMBERLAND": [
        35.0461723,
        -78.8394255
    ],
    "CURRITUCK": [
        36.3918723,
        -75.9118432
    ],
    "DARE": [
        35.6333866,
        -75.6869011
    ],
    "DAVIDSON": [
        35.7902384,
        -80.2115053
    ],
    "DAVIE": [
        35.9375154,
        -80.5464948
    ],
    "DUPLIN": [
        34.9464988,
        -77.9320171
    ],
    "DURHAM": [
        36.0181316,
        -78.8751582
    ],
    "EDGECOMBE": [
        35.9213841,
        -77.5971695
    ],
    "FORSYTH": [
        36.1476399,
        -80.2415712
    ],
    "FRANKLIN": [
        36.1028596,
        -78.2787229
    ],
    "GASTON": [
        35.2849659,
        -81.179014
    ],
    "GATES": [
        36.4412509,
        -76.6944133
    ],
    "GRAHAM": [
        35.359542,
        -83.8337785
    ],
    "GRANVILLE": [
        36.3210127,
        -78.6593963
    ],
    "GREENE": [
        35.481724,
        -77.6728536
    ],
    "GUILFORD": [
        36.0875688,
        -79.7888515
    ],
    "HALIFAX": [
        36.2494056,
        -77.66834
    ],
    "HARNETT": [
        35.388093,
        -78.8624963
    ],
    "HAYWOOD": [
        35.5456202,
        -82.9907823
    ],
    "HENDERSON": [
        35.3389062,
        -82.4663918
    ],
    "HERTFORD": [
        36.3560545,
        -77.0115135
    ],
    "HOKE": [
        35.0271856,
        -79.2432785
    ],
    "HYDE": [
        35.3935017,
        -76.1253302
    ],
    "IREDELL": [
        35.8101636,
        -80.8805593
    ],
    "JACKSON": [
        35.2962391,
        -83.1388055
    ],
    "JOHNSTON": [
        35.5285816,
        -78.3768021
    ],
    "JONES": [
        35.0306301,
        -77.3231405
    ],
    "LEE": [
        35.4691746,
        -79.1547643
    ],
    "LENOIR": [
        35.2590371,
        -77.6484879
    ],
    "LINCOLN": [
        35.4866424,
        -81.2062724
    ],
    "MACON": [
        35.1436639,
        -83.3977297
    ],
    "MADISON": [
        35.8482034,
        -82.6931063
    ],
    "MARTIN": [
        35.8134443,
        -77.0948861
    ],
    "MCDOWELL": [
        35.6608869,
        -82.0482171
    ],
    "MECKLENBURG": [
        35.2356385,
        -80.8139485
    ],
    "MITCHELL": [
        36.0001181,
        -82.1349028
    ],
    "MONTGOMERY": [
        35.3299572,
        -79.8979019
    ],
    "MOORE": [
        35.3054614,
        -79.4761236
    ],
    "NASH": [
        35.992983,
        -77.9755309
    ],
    "NEW HANOVER": [
        34.2751052,
        -77.8818627
    ],
    "NORTHAMPTON": [
        36.4168078,
        -77.3642227
    ],
    "ONSLOW": [
        34.7952348,
        -77.4215828
    ],
    "ORANGE": [
        36.0605095,
        -79.1172679
    ],
    "PAMLICO": [
        35.1238031,
        -76.7970224
    ],
    "PASQUOTANK": [
        36.2280793,
        -76.2149621
    ],
    "PENDER": [
        34.5294394,
        -77.8959525
    ],
    "PERQUIMANS": [
        36.1739896,
        -76.4254832
    ],
    "PERSON": [
        36.3967816,
        -78.9882995
    ],
    "PITT": [
        35.611481,
        -77.3707461
    ],
    "POLK": [
        35.2779217,
        -82.176176
    ],
    "RANDOLPH": [
        35.7142874,
        -79.7975166
    ],
    "RICHMOND": [
        35.0288383,
        -79.7333261
    ],
    "ROBESON": [
        34.6485079,
        -79.0954942
    ],
    "ROCKINGHAM": [
        36.3926798,
        -79.744144
    ],
    "ROWAN": [
        35.6315952,
        -80.5171754
    ],
    "RUTHERFORD": [
        35.3994626,
        -81.9023191
    ],
    "SAMPSON": [
        35.0078434,
        -78.3609662
    ],
    "SCOTLAND": [
        34.8628902,
        -79.4903372
    ],
    "STANLY": [
        35.3235477,
        -80.2391366
    ],
    "STOKES": [
        36.4120995,
        -80.2288089
    ],
    "SURRY": [
        36.4135582,
        -80.7013751
    ],
    "SWAIN": [
        35.45819,
        -83.466275
    ],
    "TRANSYLVANIA": [
        35.1982216,
        -82.7724889
    ],
    "TYRRELL": [
        35.8217079,
        -76.2126146
    ],
    "UNION": [
        34.9795158,
        -80.5128209
    ],
    "VANCE": [
        36.3747423,
        -78.4140945
    ],
    "WAKE": [
        35.7979355,
        -78.6118311
    ],
    "WARREN": [
        36.3901694,
        -78.1052123
    ],
    "WASHINGTON": [
        35.8253994,
        -76.5726303
    ],
    "WATAUGA": [
        36.2228105,
        -81.6863808
    ],
    "WAYNE": [
        35.3546293,
        -78.0149444
    ],
    "WILKES": [
        36.1998247,
        -81.1341351
    ],
    "WILSON": [
        35.7059114,
        -77.9175714
    ],
    "YADKIN": [
        36.1497114,
        -80.67623
    ],
    "YANCEY": [
        35.8875402,
        -82.3035673
    ]
}